title,content,url,author,date
"What's this thing about ""LINK YOUR 2K ACCOUNT TO PLAY AS NAPOLEON""?
","I mean, I understand what they are offering.  An extra leader.  Actually two personas.

But excuse my ignorance, I am an old guy who just plays single player games and ignores all this corporate stuff.  I have no idea what is meant by linking my account.  What account?  Why would I want an account, other than maybe to play multi-player?  And what are they getting out of it, given that I already bought the game?  

I made the transition from buying floppies to buying disks to downloading on Steam.  But I got stuck there, and don't know what they are talking about here.",https://www.reddit.com/r/civ/comments/1i3iwy1/whats_this_thing_about_link_your_2k_account_to/,SheltiePower,1737127863.0
Did the roster impact your decision to play civ VII?,"For me yes, no Britain convinced me that I don‚Äôt think I want to get invested this time around. They talked a few times about Britain during reveals making me feel they have it ready. Which makes me think they have intentionally held it back just for DLC which feels like a continuation of the past games. I am a bit worn out on DLC after past DLC, I also play paradox games, so you know.

Curious if anyone else was pushed either way due to the full roster reveal? ",https://www.reddit.com/r/civ/comments/1i3indz/did_the_roster_impact_your_decision_to_play_civ/,Jurassic_Bun,1737127156.0
Do you identify more with the Civ you are playing? Or the Leader?,"With Civ 7 switching to having consistent leaders as opposed to consistent Civs, one of the justifications given was that people identify with leaders more than Civs, so if one or the other had to change, civs had to.

This sparked some debate among me and my friends, so I thought I would ask directly here: do you tend to identify more with the Civ you are playing or the Leader? Like do you see yourself as playing Catherine Medici? Or France? Oda Nobunaga? Or Japan?",https://www.reddit.com/r/civ/comments/1i3ifxr/do_you_identify_more_with_the_civ_you_are_playing/,Xefjord,1737126592.0
Which persona do you think this is?,,https://i.redd.it/4mssrn1krjde1.jpeg,tryscer,1737126382.0
So who are you going to start with?,"Just for fun discussion now that we know most leaders and all the antiquity civs as well as the Exploration unlocks. Do you have a game planned out already? Or are you just going to go with a leader/civ you favor and play by ear?

I know I'll be starting with the Mississippians, led by Augustus. Spam settlements, have high food and production, and then just roll with whatever options the game give me that happen to suit for age progression.

I would say I'd try to go for Siam because their music is absolute chef's kiss but whatever happens, happens.",https://www.reddit.com/r/civ/comments/1i3ia6a/so_who_are_you_going_to_start_with/,Morganelefay,1737126167.0
Civ 7 DLC Wishlist - Leaders,"Hey, everyone! I decided to make a Leaders Wishlist after I did a Civ one a few days back. Here are my my ideas for who could be added and what their abilities could be!

Feel free to share your ideas below!

**Antiquity**

*Aretas IV*: King of the Nabataeans

\*Attributes: Economic/Diplomatic

\*Ability: Increased Gold from foreign Trade Routes to your Settlements and gain Influence from Trade Routes to other Civilizations, The Improve Trade Relations Treaty costs 50% less Influence to initiate

*Boudica*: Queen of the Iceni

\*Attributes: Militaristic/Diplomatic

\*Ability: Bonus damage to districts, The Levy Military action with Independent Powers costs 50% less Influence

Pliny the Elder: Roman Historian and Naturalist

\*Attributes: Scientific/Cultural

\*Ability: Gain burst of Science when discovering a Natural Wonder, Gain Science and Culture in your capital for each Civilization and Independent Power you have met

**Exploration**

Ibn Sina: Uzbek Polymath and Physician

\*Attributes: Scientific/Expansionist

\*Ability: Great Works provide Science, Science buildings gain +1 Food and Happiness

Marco Polo: Italian Merchant

\*Attributes: Economic/Cultural

\*Ability: Increased Gold from Resources acquired by Trade Routes, Earn Culture for each Civilization you have an active Trade Route with

Nanak: First Guru of Sikhism

\*Attributes: Expansionist/Cultural

\*Ability: Celebrations add 1 Population in all Cities, Happiness buildings also provide Food and Culture

Yi Sun-sin: Korean Admiral

\*Attributes: Militaristic/Science

\*Ability: Bonus Combat Strength for Naval units when fighting in friendly territory, Marine buildings and districts gain +1 Science and +1 Production

**Modern**

Ernest Shackleton: Irish Explorer

\*Attributes: Wildcard

\*Ability: Land Units and Settlements receive 50% less damage from Natural Disasters and Naval Units receive 75% less, Gain 2 Wildcard Attribute Points at the beginning of each Age

Marie Curie: Polish Scientist and Inventor

\*Attributes: Scientific/Militaristic

\*Ability: Science buildings receive bonus adjacency from Resources, Wounded Units heal faster when not in your territory",https://www.reddit.com/r/civ/comments/1i3hxzw/civ_7_dlc_wishlist_leaders/,Merc_074,1737125252.0
Anyone planning to play Civ VII on PS4?,"I‚Äôve traditionally played on PC but mine is too old and not worth a new ‚Ç¨1000+ computer just to play. 

I would consider buying a PS5, just seems pointless if PS4 will work fine as it has for all the other console games I play. 

How does PS4 Civ 6 compare to PS5 for those who have tried both? Is it significantly worse?

As a casual fan I am super hype to play Civ 7, just a question of how! ",https://www.reddit.com/r/civ/comments/1i3hd0f/anyone_planning_to_play_civ_vii_on_ps4/,iamherebecause,1737123606.0
Trajan is insane,,https://i.redd.it/7kqi0se1bkde1.png,Accomplished_Big559,1737123178.0
Can I still run Civ 7 at all?,"I went to a website called Can You Run It? to see if I could run Civ 7 on my laptop, and the only thing it says I don‚Äôt have is enough video RAM, but everything else is fine. Does anyone think it‚Äôll still work?",https://i.redd.it/t3mkez287kde1.jpeg,That_One_Guy998,1737121910.0
One thing I think we can all agree on,"Everbody's predictions were SO wrong about the roster. Like, have you gone back and looked at those ""Odds of returning"" tier lists a good number of people were making? Pure incorrectness as far as the eye can see, Haha. Hell of a shakeup this time.",https://www.reddit.com/r/civ/comments/1i3grjb/one_thing_i_think_we_can_all_agree_on/,Kangarou,1737121839.0
what do i do now ?,,https://i.redd.it/5vj0ef6i3kde1.jpeg,Most_Ad9103,1737120714.0
Buying a PC for CIV VII? Quick guide,"Hello people. I've seen some people asking this on the sub and there's been frankly a ton of bad info on the posts, so I thought I'd write up a quick list of things to keep in mind.

# Do you even need one?

CIV has never been a hard game to run! Your current PC might be able to do just fine, even if it's old. Remember that CIV VII will also run on the switch. Waiting a bit and testing has never harmed anything.

# Measuring CIV performance

Most games really just care about FPS (frames per second), but for CIV there's two distinct metrics that interest us. FPS is one of them, this affects how smooth everything looks on the screen. Since this is a slow-paced game, most people are completely fine with lower numbers here. Increasing detail and resolution will decrease your fps. The second measure that is more pertinent to CIV is **time between turns**, or essentially how quickly the PC is capable of processing the AI turns. This can have a large impact, especially in the late game as turns get complex.

# Picking components

This hold true whether you're gonna be buying individual components or a whole prebuilt PC, they use the same stuff internally.

**CPU** \- The most important part. It's what processes the game and has the biggest impact on time between turns. Unfortunately, the hierarchy of what's better than the other thing is kind of hard to understand as seeming lower tier items beat higher tiered ones.

One stand out performer here is the AMD X3D line - a series of specifically gaming chips, that have shown especially good performance in other simulation-heavy games (Stellaris, Factorio, Cities:Skylines, Satisfactory, etc.). The 800 tier (e.g. 7800X3D) within any given generation is usually the best here, yes, better than higher numbers (e.g. 7950X3D). Those have more cores, but in a split design, which is a large benefit to video rendering and such, but falls short in gaming. The three to consider, performance descending: 9800X3D, 7800X3D and 5800X3D (5700X3D is virtually the same thing). If you are currently using any Ryzen 1000-5000 generation CPU, you are likely able to directly change to a 5800X3D without switching any other component!

For a more budget pick, I would suggest a Ryzen 7600, or 5600X as the lowest tier for a new machine. As it stands right now, Intel has no really competitive offerings, unless you can find them for extremely good prices. Any i7 past 12th generation is good, but take into account that they need a lot of power, expensive cooling and might need a bios update to ensure they don't burn themselves out due to a factory voltage config error.

**RAM** \- usually has fairly little performance impact unless you run out of it. 16GB is generally enough, 32GB if you like to have a ton of programs running in the background. For the speed, pick 3600MT/s on DDR4 or 6000MT/s on DDR5. CL number as low as possible. Prebuilts usually don't list the speed, but it's not of key importance anyway.

**GPU** \- This is what draws the frames. As mentioned before, how expensive of a GPU you want totally depends on how smooth you'd like the game to be, how many details you want to draw and what the resolution of your monitor is. Realistically, CIV can run on the CPU integrated graphics, but if you want it to look a little nicer you can look for dedicated options. Ryzen 5000 and lower does not have integrated graphics apart from certain specific models!

Nvidia 60 series (e.g. 4060) is a classic pick, but they're fairly expensive for the performance due to the nvidia brand. AMD options like the 7600 (yes, they're numbered the same as AMD CPUs for maximum confusion) tend to be about 10% cheaper for any given performance level, but fall behind in some features that other game like to use (ray tracing, upscaling). This shouldn't be a big factor in CIV though. Even Intel now has great offerings in the GPU market (Arc B580 & B570). Tiers below this are generally pretty bad value, so if you're targeting a lower budget look on the used market instead of buying something like a 3050.

If this PC will be used for more general gaming and not just CIV, you should consider going up a product tier to the \~500$ offerings, which will significantly increase performance and are generally the sweetspot for bang-for-the-buck. But CIV only, you don't generally need this unless your goal is max detail, 4K, 120fps.

Do note that right around the release time of CIV VII, both AMD and nvidia will be releasing brand new high-end GPUs.",https://www.reddit.com/r/civ/comments/1i3g44m/buying_a_pc_for_civ_vii_quick_guide/,yabucek,1737119808.0
"Jos√© Rizal, feat. Himiko","What do you imagine Jos√© Rizal‚Äôs Attributes and Ability to be?

My guess: Diplomatic/Scientific‚Äî

Ability: +20% Production towards Science Buildings. +1 Influence for each Tradition slotted in government. (Alt. +1 Influence for each Social Policy slotted in government, -1 for each Tradition, perhaps to capture more of a reform v revolutionary concept.)

Himiko, for those that wanted‚Äîher ability in this persona (Queen of Wa/Diplomatic/Scientific):

Unique Diplomatic Action with allies to grant +25% Science to you and your ally. +4 Science for each positive relationship you have with others, increasing with Age. Endeavors can be supported for free.

",https://www.reddit.com/gallery/1i3fckk,eskaver,1737117208.0
What the actual fuck World Congress?!,"I have 5 nukes, 2 normal nuke and 3 Thermonuclear, I am in the middle of creating another Thermonuclear bomb. I was relieved, thinking this won't be too hard anymore with this many nukes, but just in case I'll get even more uranium source, from Hungary to make even more nukes.

Then suddenly World Congress happens and it gives 2 options, [ALL CIV NUKE IS SET EQUAL TO THIS CIV] or [THIS CIV LOST ALL OF THEIR NUKES]. The 2nd choice, they'll choose me and if they do I lost all of my nukes! The first choice if they choose someone else I also lost all of my nukes because no one else but me build nukes, If I choose myself they'll choose me too and suddenly everyone else get 5 nukes! FOR! FREE!!

I mean I get why they are doing this, it would be sux if you are playing peaceful run and your opponnent have nukes, but still as the one who make nukes all options are bad.

How do I take care of this? I don't want to lose my nukes and I don't want them to get free nukes either...I also only have 58 diplomatic points, just 2 more from 60 to rival their points but no one else want to trade diplomatic point with me T.T

What do I do?",https://www.reddit.com/r/civ/comments/1i3f63k/what_the_actual_fuck_world_congress/,Clementea,1737116586.0
A lot of people seem to have a fundamental misunderstanding of the intent behind Civ VII's civilization/leader design,"I see a lot of posts with people talking about wanting CA to make a perfect 1-to-1 path of civs from era to era, or being sure that this or that DLC will have ""the Celts/the Anglo-Saxons/the British Empire"", or that ""X civ/leader doesn't have a corresponding leader/civ yet but I'm sure they'll get one in the future"".

I think a lot of people seem to misunderstand that going from Rome to Hawai'i to Qing China, or having Hatshepsut lead the Mississipians, is NOT a ""bug"", it's a feature. It's not something that's going to be ""fixed"" in future DLCs so that eventually all leaders have a corresponding civ and all civs have a perfect 1-to-1 path from era to era.

The design philosophy behind Civ VII, from what we've seen so far in interviews from devs, has always been to mix and match leaders and civ combinations and evolution paths, not to have always the perfect ""historically correct"" path.

And if you're expecting otherwise, you are going to be disappointed, because that's not what the devs are going to prioritize in future DLCs. They'll prioritize interesting civs or leaders, not ""filling gaps"".",https://www.reddit.com/r/civ/comments/1i3f30l/a_lot_of_people_seem_to_have_a_fundamental/,ConspicuousFlower,1737116275.0
Is Founders edition worth getting?,"Sorry if im being dim but I am definitely going to get the deluxe edition but i really cant work out from the description in the store if it is worth getting the founders edition over the deluxe? I will likely want to get most DLC that is released but cant tell if the founders edition will include any of that?

can someone who understands the exact difference between the 2 editions tell me if it's worth an extra ¬£30?",https://www.reddit.com/r/civ/comments/1i3f2v0/is_founders_edition_worth_getting/,jack_watson97,1737116258.0
Why is anyone surprised?,"Title. But let me first give a disclaimer for all the ""It's 0.02 cents per hour value"" fanboys so they don't get all worked up.

Yes, I know I don't have to buy the game if I don't think it's worth my money. Yes, I know that I don't have to buy the game if I can't afford to either. Yes, I know I can just wait a decade for the game to go on sale. Yes, I also know that this will not make a difference in price or content. Yes, I know I can just buy the base game instead if I think the DLCs are expensive.

I know. I am just gonna be making a point, stating the obvious.

With that, why are people so surprised that Britain was left out of the base game? The game's name is literally Civilization. How are they going to squeeze money out of you if they add all the demanded civilizations to a game called Civilization? It's like making Counter Strike and locking some guns like the Deagle, or the AK behind DLC (botched analogy I know, that game is competitive, but you get my point), the game experience cannot feel complete without it.

This is probably why people are so upset at the prices for the DLCs. Civilization, a game based around civilizations, has the potential for many civilizations to be added, some which are very demanded like Britain, Ottomans, Byzantium. Hell, people made lists of all the civilizations they want to see, there is potential for many.

(https://www.reddit.com/r/civ/comments/1i1am1j/my_civ_7_dlc_wishlist_civs/, https://www.reddit.com/r/civ/comments/1b2ee5l/civilization_vii_dlc_roster_civilization_leader/)

For such a game, to lock every four civilizations and two leader personas behind a $30 DLC is criminal. Say they can add in another good 16 civilizations (4 DLCs) with cosmetic packs (with each DLC having at least 1 popular/demanded civilization), that's a good $120 just to add civilizations with no new mechanics to a game about civilizations, while the base game is $70.

If the civilizations are not demanded for, or significant, these DLCs won't see sales, so ofcourse they are going to be locking some good civilizations behind these. Y'all may be upset but right now the folks at 2K are looking at this subreddit and smiling because they have you where they want you, feeling ""dissapointed"" and feeling that the game is somewhat ""incomplete"" but at the same time ""excited"" by all the new graphics, mechanics, and some of the demanded CIVS enough to still buy it, and later (or now) get the DLCs to complete your experience of the game.

Same goes for the UI and character designs. They're essentially also selling ""cosmetic"" packs which include ""profile customizations"" i.e. new backgrounds for leaders, outfits, fog of war tiles and **other** ""cosmetic bonuses."" I don't know about you, but when I saw the UI when gameplay was first revealed, I legit thought this is what they were using just to test it, you know when a game is being worked on and they just need some form of a working UI to test it. I didn't think it is the final, finished, polished UI. But now that we know apparently that it is, I won't be surprised if they'll be selling reskins for the UI. Don't get me wrong, I think it's A-okay for companies to sell cosmetic packs to get more revenue, but I want the base game to have at least a clean, functional looking UI.

Point being of this wall of text is that 2K is being exploitive. Is the standalone game a good enough bang for your buck? Probably. But if they're employing such practices, it changes my perception of what it is worth. I will just say this, don't buy into the FOMO, the base game is the bait, and they will reel you in with it towards all those DLCs they have lined up for exorbitant prices.",https://www.reddit.com/r/civ/comments/1i3ewaj/why_is_anyone_surprised/,Alternatiiv,1737115593.0
Small doubt,I know most probably the ans is no but just needed a confirmation. Does civilisation game needs to be played in order or can i directly start with civ6. I am yet to purchase this game so need an honest opinion.,https://www.reddit.com/r/civ/comments/1i3etq1/small_doubt/,ultimatepowera1,1737115330.0
My language switched to German and I can't find way to switch back,,https://i.redd.it/sixxatelfjde1.png,Banaharama,1737112616.0
"I saw this post some time ago that claimed Switzerland was ""confirmed"" in Civ7, but now that we have all civs revealed we know it's not. Can anyone provide sources for why Switzerland was included in that list, where was this mentioned by devs? Couldn't find any source myself",,https://i.redd.it/a0siprnpejde1.png,SwissGuy93,1737112444.0
There are some pacing issues‚Ä¶,"From my first impressions from the livestreams, I worried that Gold and perhaps other currencies like Influence and Food might be too strong.

After the previews, my second impression has changed: Influence has a lot of opportunity cost; science and culture seem relatively well-paced with the respective trees; Towns with their Food and Gold needs nerfing or scaling by Age.

It may seem weird, but Gold to Production in 6 was around 3:1 or 4:1, so Towns turning their Production into Gold at a flat one-for-one seems weak. However, perhaps partially due to Cities being capable of heavily producing Gold as well, it seems like there‚Äôs plenty of Gold in abundance.

From VanBradley‚Äôs video, it seems somewhat commonplace that you‚Äôll produce enough Gold that‚Äôll leave you with little else to do, or basically not have much of an opportunity cost.

Likewise with Food. While there‚Äôs plenty to use it on, I think perhaps either scaling it to age (50/75/100) or nerfing it for Focused Town sending 75% of its Food will give it somewhat a soft malus. This could help lean into how you‚Äôd want more Cities as the Ages progress.

Though with the game settings, some of this can be alleviated by changing how long Ages last (or rather how quickly they are progressed).

Perhaps some of this is a bit tricky to not show a clear path for how many Towns and Cities, but I could see this shifting down the line.",https://www.reddit.com/r/civ/comments/1i3e009/there_are_some_pacing_issues/,eskaver,1737112063.0
CIV VII loading screen were probably made with AI,"This is a screenshot from loading screen with Cleopatra. She has 4 fingers, which is a typical AI generation mistake. Didn't they even bother to check what they generated?

I'm not even mentioning how lame those loading screens look.",https://i.redd.it/wiz0m8t7djde1.jpeg,QwerNik,1737111791.0
Though/idea for future era in Civ7,"As we are seeing it's tech billionaires, not only countries and nations who are pioneering space exploration and advancement of tech, should nations/leaders possibly be these mega rich people and their companies (it's very dystopian and I would personally hate to have someone like Bezos or Musk in the game, but it's what's actually happening irl). Unfortunately the world is increasingly dominated and controlled by big corporations, so it feels like it would be an accurate representation (may just end up being an idea for a mod).",https://www.reddit.com/r/civ/comments/1i3dw1w/thoughidea_for_future_era_in_civ7/,olivlaytchev,1737111634.0
This sub right now,,https://i.redd.it/8we8qhekcjde1.jpeg,Springfieldhere,1737111575.0
Why Machiavelli yet no Italy?,Again we have no Italy in the game. Yes Rome is here but after the antiquity age we have nothing. It's not like Italy did nothing for mankind,https://www.reddit.com/r/civ/comments/1i3djak/why_machiavelli_yet_no_italy/,krismartin55,1737110101.0
When to Jump Ship to VII?,"I've been a Civ-enjoyer since Civ 1, but have too busy to play any games at all, for the last couple of years!

However, I scooped Civ VI and the expansions in sales, over time, for that 'one day', which is now (for a brief period!) - with the new game coming out at full price and with bare-bones civs (assuming a heap of DLCs, later), I'm thinking I should probably stick with VI for a while, to get some value from it.

How long might it be, before it makes sense to sunset VI and transition to Civ VII, in terms of getting my money's-worth?

Maybe I just go nuts on VI for a while, then rip off the band-aid and start fresh on VII?  
or... perhaps it's worth waiting a while for more civs, some bug fixes, and discounted prices to appear, and just getting more out of VI, in the meantime?

Just curious on some opinions...

thanks

\[Note: this is a re-upload, after some unforgivable X's and V's errors in the initial Q\]",https://www.reddit.com/r/civ/comments/1i3d9fs/when_to_jump_ship_to_vii/,Donald_Lekgwati,1737108911.0
Most important question ,Can you still spam the next turn button to tell your friends to hurry up in civ 7? ,https://www.reddit.com/r/civ/comments/1i3d3m7/most_important_question/,CaitshotJFK,1737108175.0
Will there be a hot seat mode in Civ7?,,https://www.reddit.com/r/civ/comments/1i3cwpu/will_there_be_a_hot_seat_mode_in_civ7/,jaju12,1737107288.0
Do you think the DLCs for VI will go on sale when VII comes out?,"With the upcoming release of Civ VII, I wish I had bought the full version of Civ VI. I never did manage to find an excuse to download the leaders pass, do you think I should wait to purchase it? Or will there really be no difference?",https://www.reddit.com/r/civ/comments/1i3crg0/do_you_think_the_dlcs_for_vi_will_go_on_sale_when/,savvy2156,1737106583.0
Dynamic Civ system worries,"Are you also afraid that you are going to end up picking civs only by the best bonuses rather than going with identity? 

Kinda similar issue with those humankind like events, after a while you stop reading it, you just pick the best bonus.",https://www.reddit.com/r/civ/comments/1i3cqea/dynamic_civ_system_worries/,NeedTheSpeed,1737106451.0
DLC purchase,"I am new ti Civ 6. While looking up whether or not should i get dlc's for the game i noticed that this sub is bascly highly recomending everything with gathering of the storm as priority. While on steam they all have shit reviews. So my question is, is that because dlc's are not worth it outside of bundles and such or is there something that i am missing?",https://www.reddit.com/r/civ/comments/1i3ck0e/dlc_purchase/,Killabeezz999,1737105638.0
As a Cambodian I'm very sad that I can only play Khmer in antiquity.,: (,https://www.reddit.com/r/civ/comments/1i3chxw/as_a_cambodian_im_very_sad_that_i_can_only_play/,bigbean200199,1737105378.0
About changing civilizations each era...,"I played Humankind, and thought it was a good game, but the thing that kept ruining it for me was how unbelievable changing civs was. 

Like how would it be possible for, say, the Mississippi culture to evolve into Mongolia then to France? 

I love the idea of civilizations changing each era, but I wish that only certain civilization could change into others each era. Like maybe Rome could turn to Italy, or Gauls to French, etc.

Is there a way that you all make it right in your head, while playing, to make it make sense that Songhai becomes The Chinese or something like this? I want to like it. ",https://www.reddit.com/r/civ/comments/1i3c6ij/about_changing_civilizations_each_era/,Planet_Expresso,1737103867.0
Civilization VII omitting Congo may actually be a good thing,because I do not like Congolese people.,https://www.reddit.com/r/civ/comments/1i3c1rq/civilization_vii_omitting_congo_may_actually_be_a/,Due_Branch_4741,1737103238.0
My 2 cents (or rather pence) on the whole British situation (CIV VII),"Soooo, full disclosure, I'm French and I have had my fun with this whole drama over the past days but it is time to be serious and pragmatic so if you'll humour me, I'll share my thoughts on why the British Empire wasn't suited for the base game / release build.

Before I go any further, I'm not going to debate whether it should have been included instead of being made DLC because that'd mean discussing the whole DLC structure of modern games and this is not today's topic.

This is more about looking at it from a gameplay perspective.

Another thing, I'm definitely going to mention a few things I've seen mentioned by other users already and I'm not trying to pass those as my original thoughts, I mention them because I happen to agree with their reasoning, however we'll build up to my ""original thought"".

So first of all, as I'm sure you all more or less know, the history of the British empire is a messy hot mess, in comparison the French and Spanish empires are far more ""straight forward /streamlined"" so when translating that into a game like CIV, and because they do their best to strike that balance between gameplay and historical accuracy, some concessions must be made.

Indeed, the British empire, to name a few, could mean Australia, Scotland, Ireland, NZ, Canada etc... and of course the almighty US of A.

As such, CIV 6 had some of the aforementioned nations as standalone civ in the roster but with the way CIV 7 works in terms of Civ/leaders, you can now see how messy this is all getting. Doesn't mean it's an impossible equation, just one that's harder to solve when factoring everything important to Firaxis.

Speaking of them, as pointed out by many, it is a USAsian studio, as such, it's only fair and to be expected they have a bias towards their own country's representation and I think we must all accept that, and I'm sure most of us can.

Ok so now we're entering the ""my original thought"" part:

CIV 7 brings a lot of changes and new concept/mechanic and I want to bring your attention to the exploration age specifically.

Indeed, with the game, as it is currently, segmented in 3 eras, the antiquity and modern eras seem to play roughly ""as usual"" whereas the exploration one is quite funky in comparison:

They made it so that ""the rest of the map"" unlocks for us players to explore and settle on, there is the whole fleet boats to bring back to the ""home empire"", the fact that the seas damage boats to emulate the idea that crossing the seas back then was a dangerous affair etc...

and as such, I think that because there is a lot of new things to get accustomed to, they wanted players to ease into it as much as possible, and to that effect, it feels to me that they chose the Spanish empire as ""poster child"" for this new concept. Again, as mentioned in my intro, the Spanish empire, compared to the British one, is a much more streamlined story: simplified: they crossed the Atlantic, settled in South America and brought all the gold back to Madrid.

This is reflected in Isabella's kit.

Now, about France, well, again, because clich√©s (and gameplay balance) it's either a focus on culture or war on the home continent (looking at you Napoleon).

As for Lafayette, he's a bit of a wild card, it seems to me that he's taking up Eleanor of Aquitaine dual-leader mantle (not in terms of gameplay but in terms of symbolic) and since Lafayette is tied to both France and America, well he's got a lot on his plate.

Now if we look back at CIV 6, every single leader that led the British empire had bonus in their kits that affected the whole ""home continent vs foreign continent"" mechanics, and we can see that these mechanics are back in CIV 7, but again, I think that Isabella/Spain is whom they picked to showcase the CIV 7 revamped take on them.

To conclude, I, like many others, cannot believe that the British will not be represented in the game in a way or another however for all the reasons mentioned above, I feel like they needed more time or space to properly include them in game, especially as you have to consider the 3 eras, how to spread their bonuses properly (in terms of gameplay and historical accuracy) and avoid a sense of ""too similar to another civ/leader"" but off the top of my head, I could absolutely picture the British civ/leader having bonuses such as ""their boats don't take as much damage when exploring"" as well as many other bonuses relating to settling on foreign land etc...

Also, as France, who are we going to beat up, beefing with the English is kind of our historical raison d'√™tre, innit?

Hope I made sense, as such, √† bient√¥t sur le champ de bataille mes chers mangeurs de marmite :)",https://www.reddit.com/r/civ/comments/1i3bx7r/my_2_cents_or_rather_pence_on_the_whole_british/,Palarva,1737102640.0
Full roster Civ 7 civilization and leader list gave me a weird Deja vu of paradox experience,"As all the civilizations and leaders revealed, I saw many talking about the absence of the British, but it doesn‚Äôt surprise me as I predicted it would happen when Catherine was revealed. I have a blur memory that Catherine and Frederick were leaked a few weeks ago in text somewhere online though I forgot where.

What really shocks me was that among all the promised leaders, many of whom are just outright personas and many civilizations have yet to get a leader representation so far. If Firaxis decides to make a leader DLC for every single civilization for every single age, coupling with dozens of personas, the total number of potential leaders may even exceed 100.

And they can always add more leaderless civ DLC followed by a leader DLC or a civless leader DLC followed by a civ DLC. Not very sure how long it would last.

This reminds me of past Paradox game play experience, when the base game was certainly not in a completed form but just a groundwork for future development. I almost bought the whole set, and it was the most expensive game I ever bought.

Perhaps what the impression of Civ 7 gave me is not only Deja vu but also PTSD from past Paradox purchase experience.

Note: I quit Paradox games long ago, and for the last few years I only purchased their base games just to see how the games look like which never motivated me to buy a full set again.",https://www.reddit.com/r/civ/comments/1i3b9qn/full_roster_civ_7_civilization_and_leader_list/,Scared-Alps-8399,1737099609.0
Are there anyone who pre-ordered the Deluxe Edition for early access?,"I pre-ordered the new CIV so I could enjoy the game during the winter break. However, on Steam they write to me that the game comes out on the 11th. Please tell me, is this normal, or should I contact support?",https://www.reddit.com/r/civ/comments/1i3b5sb/are_there_anyone_who_preordered_the_deluxe/,ComFure,1737099087.0
"If I buy the ‚Äúfull version‚Äù and my partner the ‚Äúnormal‚Äù version, will we share the leaders & personas in MP?","Title

Just checking in if we both need the most expensive version or if we can get away with one copy :)

Thank you!",https://www.reddit.com/r/civ/comments/1i3b2nk/if_i_buy_the_full_version_and_my_partner_the/,usx-tv,1737098704.0
Does the Southern Hemisphere just not exist to Firaxis?,"Like I get it, a NA based developer is going to be heavily influenced to care about the history of NA and Europe, like most strategy games based around nation building. I just feel like the whole concept of all these extra Leaders and Civs that transition through the ages would have allowed for more variety, not less.

But I have to say, as someone from Australia, I'm a little bit disappointed. Obviously the introduction of Civs based on Eras allows for more niche or interesting Civs to be added to the game, but it really feels like the Southern Hemisphere is being paid dust, as per usual.

There's only 3 Civs in the southern hemisphere, none of which are Antiquity Era and there's only one Leader for the entire bottom half of the world.

Like America alone has 3 Leaders and 5 (arguably 6) Civs relevant to their history. Which again, I'm not upset about, US developers obviously would have a keen interest in seeing their own history come to life. I'm just using it as an example.

I know there's gonna be plenty of DLC in the future, but I guess I'm just a little bit miffed that this is a common theme across every CIV release.

EDIT: Also to not be biased, it's not even specifically Australia, it's just that there's literally 3 and a half continents with basically barely any representation in a game about civilizations in the entire world.",https://www.reddit.com/r/civ/comments/1i3b1zo/does_the_southern_hemisphere_just_not_exist_to/,King_Beryl,1737098619.0
CIV 7 Worth It? Or Not? ,"I know it's not yet released, but from what has been revealed, has anyone noticed any significant changes to the way the game operates that would make it worth getting? 

I still got 5 and 6, but to me just seems like 4 was peak. While 7 presents some potential, I'm still on the fence. 

If I understand one point, having a worker upgrade the surrounding city is being done away with and that will occur automatically. 

Also seems like you're limited in exploration. 

Then there is you're not just one leader or one civilization, I'm not quite sure. 

  
Anyway. I've just been wondering what others have to say about the game. ",https://www.reddit.com/r/civ/comments/1i3anj0/civ_7_worth_it_or_not/,thoffman2018,1737096823.0
Civilization VII omitting Great Britain may actually be a good thing,because I do not like British people.,https://www.reddit.com/r/civ/comments/1i3512g/civilization_vii_omitting_great_britain_may/,Less-Tax5637,1737077358.0
you can easily mix & match leaders / abilities / buildings / uu‚Äôs on VI right now,"it‚Äôs been brought up in the past and potato made a video about it but just want to bump the civ blitz mod generator one more time for making civ 6 infinitely more replayable (not that it isn‚Äôt already lol). give it a shot if you haven‚Äôt!! 

you can build some ridiculously overpowered combos so as a shameless min-maxer i absolutely love it. it‚Äôs also super easy to do. 
https://civ6blitz.app/#/modtester

shoutout to the creator and all other modders man ya‚Äôll rock",https://www.reddit.com/r/civ/comments/1i3a41q/you_can_easily_mix_match_leaders_abilities/,bradpalms,1737094510.0
I personally can't wait for the replayability that Civ switching will allow.,,https://www.reddit.com/r/civ/comments/1i39w16/i_personally_cant_wait_for_the_replayability_that/,HolyDwarf88,1737093640.0
Civ 7 - Test of Time,"I have been watching the 1-hour gameplay videos from the streamers and they made me even more excited about the game. I have no issues with picking a new civ on era change.

However I still think the game should allow the player to choose to stay with the civ from the previous era. Maybe call it a ‚ÄúTest of Time Choice‚Äù. No new unique units, civics or buildings - maybe just a flat 10% bonus to all yields.

After all, since the beginning Civ was about alternate history. Sometimes you just want to play the Ancient Egyptians who send a rocket to the Moon.

I hope the Firaxis team take that into consideration üëç",https://www.reddit.com/r/civ/comments/1i39khv/civ_7_test_of_time/,keiselhorn13,1737092372.0
"Guys, i found a city from the lost civilization of Atlantis.",,https://i.redd.it/cx9hz31arhde1.png,Unhappy-Limit-4712,1737092368.0
Would you be interested in‚Ä¶.,"a DLC with England as a civilization? Couldn‚Äôt help myself! ü§£ü§£

Less than 20 days!!! Woooo!!!!",https://i.redd.it/4vjrqgw7phde1.jpeg,Tinker_Time_6782,1737091613.0
I'm trying to explore new genres of games and found that I have Civ VI on Epic Games Store. Is DLC a must have before starting the game or can I buy them later? Are they even essential?,"Basically just the title. This genre of games are completely new to me and this is the first time I set my eyes on such a game. As in, I know nothing about them.

If DLC is super-important before starting a playthrough for the best experience, I might wait until the anthology upgrade goes on sale because I don't usually replay games after I finish the campaign. If otherwise, I could start playing now!",https://www.reddit.com/r/civ/comments/1i392yw/im_trying_to_explore_new_genres_of_games_and/,UltimateGamingTechie,1737090565.0
(Joking but let‚Äôs consider in seriously) Sports mini-mechanic,"So, I‚Äôm watching this video online about one of the Mario sports video games, and it occurs to me: a sports mechanic a la the religion mechanic where you gain influence/sway where it spreads, but also who is considered to do it well. The sports could evolve over time with different rules/tenets picked to give different effects. What sorts of options could you imagine?",https://www.reddit.com/r/civ/comments/1i3904r/joking_but_lets_consider_in_seriously_sports/,CuriousThenSatisfied,1737090275.0
"Geographic Comparison of starting civilizations on launch day for V, VI, and VII! (Leaders for VII too)","With all starting leaders/civilizations confirmed, I thought it would be cool to compare how the civ choices have changed over time. For VII, I had to make up two icons for Prussia and Japan and had to snip images for Rizal and Himiko from the IGN video. I am most familiar with V so there might be mistakes!",https://www.reddit.com/gallery/1i38xkh,piscetti,1737090047.0
Isabella‚Äôs Wonder Bonus is 25%,"Isabella was my favourite leader to play in CivV, but it looks like she's less powerful in 7.

According to streams I've watched today, The Great Barrier Reef yields look to be 3 Food, Science and Happiness on its own, and 4 Food, Science and Happiness with Isabella. (The +2 science bonus for adjacent water tiles was unchanged)

So instead of an doubling wonder yields, it just adds 25%.

Just an FYI.",https://www.reddit.com/r/civ/comments/1i38wnz/isabellas_wonder_bonus_is_25/,DeWolfenstein,1737089964.0
Firaxis Games Developers Interview ,,https://www.gamerbraves.com/exclusive-civilization-vii-interview-firaxis-games-developers-reveal-a-new-age-of-strategy-in-the-civilization-series/,abyssmalindividual,1737087649.0
Warehouse,"I keep seeing the description ""Warehouse building"" on various buildings. What exactly is a warehouse, and what does it mean to be one of its building?",https://www.reddit.com/r/civ/comments/1i37gke/warehouse/,Accomplished_Ticket6,1737084981.0
Where do y'all think I should settle?,,https://i.imgur.com/r464R6o.jpeg,Castlor,1737081412.0
I think I know the real reason why Britain isn't in Civ 7's roster.,"I know a lot of people are upset about Britain being left out, being a successful historical empire.

But think about this! The British Empire was the largest empire in all of history, covering over a quarter of the world's land mass in its prime.

I know with every Civ game everyone has their dream roster candidates that didn't make the cut, but it simply wouldn't make sense to feature Britain in this game as just another slot in the roster fighting all the other civilizations.

Because, you see, *Britain's too big.*",https://www.reddit.com/r/civ/comments/1i35tpw/i_think_i_know_the_real_reason_why_britain_isnt/,hnwcs,1737079799.0
Merely passing by,"I saw this Apple News headline and instantly thought about paying Civ 6!
",https://apple.news/A-cC9Uot7Q5yaqldHfhxeHw,Caribou_Mel,1737079092.0
How will the civs/leaders rank against each other?,"Hoping to add some positivity and discussion here after the chaos that engulfed this place earlier (lol). I've been looking extensively through the civ and leader abilities and cannot, for the life of me, figure out how they'll stack up against each other. This is much unlike Civ V and VI, where you could easily tell which abilities would just break the game (e.g., Babylon's scientist spam in Civ V, Korea's campus spam in VI). For example, I like Shawnee's food focus, but that malus for settling off of rivers seems pretty harsh (though in my years of Civ, I've only done so out of necessity).

Anyone have ideas as to which civ/leader looks the strongest now? Weakest? Any powerful synergies come to mind? Share them here and be happy :)",https://www.reddit.com/r/civ/comments/1i35ead/how_will_the_civsleaders_rank_against_each_other/,Slavaskii,1737078477.0
I just win culture game with one tourist,"So‚Ä¶ when everyone is busy fighting, just one tourist is enough to end the game?",https://i.redd.it/vuv2tqx6kgde1.jpeg,Our-Friend-Lulu,1737077818.0
Any Mississippian gameplay revealed today?,Question is in the title.,https://www.reddit.com/r/civ/comments/1i35400/any_mississippian_gameplay_revealed_today/,Far-Shame5204,1737077594.0
Hot Take üî• on Leader Personas ,"While they're cool, I'd much rather the energy and time be put towards more variety of leaders to choose from. Plus the leader select screen looks cluttered with duplicate icons which I think looks sloppy. I'm not a fan of personas, I feel it's rather random who is chosen to have personas... ",https://www.reddit.com/r/civ/comments/1i352n3/hot_take_on_leader_personas/,FoxxySphinx,1737077482.0
Welp ya got me there ,"When you got that moment in game, And have no idea why it was activated üòÇüòÇü§£",https://i.redd.it/xsi9u4k8fgde1.jpeg,Immediate-Ad-9292,1737076150.0
Anyone else play that civ-like that had ages where you become a completely different civ and it break any feeling of continuity with the last age?,Yeah ummm why are they copying literally the worst mechanic I've ever seen in a civ-like????,https://www.reddit.com/r/civ/comments/1i34eb6/anyone_else_play_that_civlike_that_had_ages_where/,SpecialistNote6535,1737075474.0
Tech Tree / Civic Tree Art,"Hear me out, why can't Firaxis hire the same group of artists who did Humankind's mind-blowing beautiful Research Tree background and individual techs? 

Some of the coolest, most memorable art I remember from that game - should be in a grand game like Civ 7. Instead we got bland cookie cutter Grey boxes with 0 personality / distinction.",https://www.reddit.com/r/civ/comments/1i34b0n/tech_tree_civic_tree_art/,FoxxySphinx,1737075213.0
Fairly new to the game. Is there a term and/or slur for people who just start a new game every session instead of finishing the previous one?,,https://www.reddit.com/r/civ/comments/1i343q9/fairly_new_to_the_game_is_there_a_term_andor_slur/,adamtwosleeves,1737074601.0
Pros and cons,"Seen alot of talk about the lack of Britain which seems weird to me, but not a deal breaker.

Leads me to ask, what's your pros and cons list? does it come out posstive or negative?",https://www.reddit.com/r/civ/comments/1i33mgf/pros_and_cons/,Hi_Nick_Hi,1737073199.0
"Now that every leader in 7 is revealed, who will you play first?","I usually run an America game first time into a new Civ and I'm going with Harriet Tubman.  
Who're you playing first? What Civ you building towards?",https://www.reddit.com/r/civ/comments/1i33lok/now_that_every_leader_in_7_is_revealed_who_will/,KaijuKing007,1737073136.0
When are the first DLC's coming out?,Many people are already disappointed with the base game roster. This may kind of be fixed with some DLC civs. This by itself is absurd and a bit greedy so at least I hope they release it sooner. Do we have any information about it?,https://www.reddit.com/r/civ/comments/1i33iih/when_are_the_first_dlcs_coming_out/,krismartin55,1737072874.0
What are your thoughts on Civ VII?,"With most of the civs and leaders being announced and learning more about the new game mechanics, I‚Äôm curious to see what‚Äôs the general consensus for Civ 7?",https://www.reddit.com/r/civ/comments/1i33gbq/what_are_your_thoughts_on_civ_vii/,RealmOfHague,1737072691.0
Napoleon Persona Abilities Revealed,,https://www.reddit.com/gallery/1i32tbo,clshoaf,1737070892.0
The lack of real ‚Äúhistorical‚Äù paths is a more glaring issue,"I guess people will make do with the obviously lackluster civ roster at release eventually because it has always been like that. But here is a more glaring issue:

First of all I (1) strongly support the concept of ages and civ transitions (2) believe the reason Humankind does not do well is NOT civ transitions, but a poor implementation of it. My hope has been Civ 7 will definitely do it better. As the paths they showed (like Roman-Norman-French, Maurya-Chola-Mughals) are quite promising, I had high hopes and confidence. I admit I was a bit scared by Egyptian-Songhai-Buganda, but they corrected it to Abbasids and I was happy. Also the leaked Han-Ming-Qing also makes a lot of sense. When people disliked the idea because ""you are transitioning from Egypt to China"", I told them don't worry they will have natural paths. You still can play the ""same civ"" just different stages of it.

Well I was wrong. Now it turns out these are the only paths that make sense. Most other civs don't have ""historical paths"". They are all good on their own, but NOT when there is no fitting successor or predecessor in the progression system.

To name a few:
Prussia: of course this is a must have. But who evolve into Prussia? Normans? Normans make sense as a precursor to Britain, modern Italy, and to some degree France and America. But they have little overlap with Prussia. Why there isn't an HRE?

Inca: the closest successor is Mexico, while the many revolutionary states in South America could serve as successors of both Spain and Inca.

Abbasids: they can only evolve into Mughals or Buganda. Neither is remotely related to them. 

Meiji Japan: Ming? Mongols? Hawaii? Neither makes sense. Some are even dangerous.

Buganda: they are actually farther away from Songhai than many people would imagine. 

Shawnee and Missisippi: with all those arguments of ""native Americans evolving into USA is bad"", their closest successor is still USA, then Mexico. It's not that there were no important native North American peoples after 1700s.

I repeat it: the reason why Humankind ""failed"" is NOT because it had civ transition, but because it was done very poorly. It (1) allows you to transition from anyone to anyone (2) changes too fast that you do not feel attached to anyone. I thought Civ 7's system could avoid both but it only fixed the latter. The former is even more exaggerated with fewer options. It seems that instead of curating real historical paths, they consider a region to be properly ""covered"" already as long as it appears in one age, then intentionally choose non-overlapping regions in subsequent ages (except China; for example, a better option for modern Africa is Ethiopia, but it may be avoided because Aksum already covers this region; same with Normans covering Britain). It makes little sense. To make the progression more natural and ""historical"", you actually should choose civs that overlap. Not the other way around.


Hope this would be addressed asap in the first few DLCs. Britain and Mesopotamia aside, the other urgent needs are HRE, feudal Japan, modern Turkey or Arabia, Argentina/Colombia/Brazil, and any modern native American people (e.g. Plains nations).







",https://www.reddit.com/r/civ/comments/1i32qkj/the_lack_of_real_historical_paths_is_a_more/,Apprehensive_Poem363,1737070672.0
Ideas for a 4th Age,"Anyone that's had the unfortunate opportunity to listen to me in the past few days or months, has heard me say that I'm anxious about a 4th age. There's a few reasons.

1. I don't think we should switch Civs again. I think that strays too close to Humankind, where people failed to feel that attached to their civ since it changed so much. On another note, I played a Humankind mod that reduces the Civs to 3, and it felt like the Goldilocks zone.
2. (This is just my opinion) The game drags in the last two eras of Civ 5 and Civ 6. Both of these games received more/longer late game eras in the expansions, and I think it ultimately hurt both games. Making too much content post the World Wars era I think is very difficult to make interesting, especially when the eras/age last as long as the other ages.
3. I don't like when half of the game is within the last 200 years irl. I'm biased, because I prefer most other parts of history. Don't get me wrong, I get that a lot of advancements have happened in the last 200 years. I just don't want to spend half of my Civ game on it. I'd prefer closer to 1/3. I also prefer the exploration and expansion in the earlier ages.
4. I think it might be difficult to find enough relevant civilizations from the past 200 years to fill both the Modern Age, and the 4th Age.

I think a 4th Age, or something similar, is inevitable. So here are some ideas that I've come up with that I think might still make it interesting to me.

1. End the 3rd Age with another crisis. World War, pandemic, financial crisis, rebellions resulting in decolonization, etc. I'd like if a World War scenario was toggle-able to occur every time, along with another crisis.
2. Instead of changing Civs, evolve your current civ with ideologies instead. That way Russia can become the Soviet Union, if the player chooses. Prussia can become the German Empire. Or you can go whatever direction suits your fancy/playthrough. Become Communist France if you want. Yes I know it would be a bit late, since World War tech would still be at the end of the Modern Age. Maybe you could ""evolve"" late in the Modern Age, as you prepare for the Final Age. Or we could just keep in mind that it's an alternate history simulator.
3. Push the post WW2 technologies back into the new 4th age. I'll discuss more about why in a later point.
4. Make this last age a shorter one. Maybe 75 turns? Make it a mad dash to the finish. Make every turn count, and hopefully, be interesting. [No Techs that only unlock a military unit or two.](https://www.reddit.com/r/civ/comments/59zw81/the_end_of_the_civ_6_tech_tree_really_sends_a/)
5. Make decolonization a viable strategy. It shouldn't be objectively better, but it should have potential benefits for everyone but the military path.
6. Keep up the victory projects, like the base game. This way the base game's end projects become the first steps of the final age. Some project ideas are below, that I'm not that attached to.

Economic: Complete open border and open trade treaties with x% of the world's nations. Certain projects or actions can force these. Have x% of the world's gold per turn, or something. Create the World Bank, World Currency, World Stock Exchange, etc. Ability to use money to force civs to capitulate in certain ways.

Science: The usual. SPACE. THE FINAL FRONTIER. ~~These are the voyages of the starship Enterprise.~~ Actually, can building the Enterprise be the last project lmao? Probably too advanced...

Military: Projects based on nuclear weapons, Bioweapons, Technological weapons, Space weapons.

Culture: I've got nuthin past the World's Fair. Develop the world's preeminent blue jeans brand? Build Disney World? Or should that be economic lol. I'd love ideas.

Let me know your thoughts. Try to be kind haha. Sorry this went so long.",https://www.reddit.com/r/civ/comments/1i32e7i/ideas_for_a_4th_age/,Elend15,1737069698.0
Civ VII Leader Idea: Anthony Bourdain,"**Unique Ability: A Cook's Tour**  
All Urban Districts receive Food per Age once all Building slots are filled. Automatically receive Open Borders for a set number of turns upon first meeting a new Civilization or City-State, and all Land Units gain additional Movement across foreign settlements in Distant Lands.  
  
**Attributes: Diplomatic, Expansionist**  
  
**Agenda: No Reservations**  
Increases Relationship by a Medium Amount with the player who has met the most Civilizations and City-States. Decreases Relationship by a Medium Amount with the player who has met the fewest Civilizations and City-States.  
  
**Starting Bias: None**",https://www.reddit.com/r/civ/comments/1i315rv/civ_vii_leader_idea_anthony_bourdain/,clockman15,1737066319.0
What 8 Civs with be in the deluxe and founders content packs?,"What Civs will be in the deluxe and founders DLCs?

Now that we know all of the Civs in the base game (which doesn‚Äôt include some classic Civs such as Britain etc, as of yet), what do you think the next 8 Civs from the first two DLCs will be? Because Shawnee is an 11th exploration Civ, I think there will be 3 more for antiquity, 2 for exploration and 3 for Modern.

By looking at some of the leaders (without their Civs) I think we can see some clues.

Here are a couple of possibilities:

Antiquity:
Celts/Gaul,
Scythians/Huns,
Phoenicia/Carthage

 Exploration:
Franks/holy Roman Empire (because of Charlemagne),
Florence (because of Machiavelli)

Modern:
Great Britain (obvious choice),
Brazil (as no South American modern civ yet),
Ethiopia (as only one African modern civ)

What are everyone‚Äôs thoughts or guesses?",https://www.reddit.com/r/civ/comments/1i315lr/what_8_civs_with_be_in_the_deluxe_and_founders/,FerricNinja,1737066306.0
Can I run it,Does anyone play civ 6 on MacBook Air? Or upcoming civ 7 could be run on a MacBook Air? And if so how is it?,https://www.reddit.com/r/civ/comments/1i30mjz/can_i_run_it/,TKDboy145,1737064912.0
Can I run it,Does anyone play civ 6 on MacBook Air? Or upcoming civ 7 could be run on a MacBook Air? And if so how is it?,https://www.reddit.com/r/civ/comments/1i30mey/can_i_run_it/,TKDboy145,1737064902.0
Civ 7 Grievance Thread,"Having to pre-order or else having to pay an extra $50 to have all civs/leaders from the start. 

10 civs per age. You will be playing against the same civs every time.

UNLESS - people are correct, player limit is 6, and map size only goes to medium. Which is a huge problem in itself.

Settlement cap.

Less management. The game is literally about management. Do people want it to play itself?

Ends before modern times. 

Empire Evolution. Will give it a chance, not overly optimistic though.



Please feel free to add. 

EDIT: Some people seem to be upset that the post titled ""Grievance Thread"" contains grievances. Please do not be one of those people :) ",https://www.reddit.com/r/civ/comments/1i30j4m/civ_7_grievance_thread/,Friendly-Parfait-645,1737064671.0
Where to settle here?,,https://i.redd.it/kywwnwduefde1.jpeg,FickleIndividual8907,1737063911.0
Disperse independent in Civ 7 (barbarian outpost mechanic replacement),"https://preview.redd.it/aux5jp4g7fde1.png?width=1266&format=png&auto=webp&s=a12ddbf5547f49cd02eb005594839a8c463fe670

https://preview.redd.it/q6deq25g7fde1.png?width=1630&format=png&auto=webp&s=86c8494c2b45ca91f4050d3e8fadd7e68e316712

From about 18:50 at [https://www.youtube.com/watch?v=s2QaK9a-w38](https://www.youtube.com/watch?v=s2QaK9a-w38)

  
Dispersing the independent power instead of trying to interact/befriend it gives a couple of bonuses -- +100 production and then an additional narrative event. The other option for this one would have produced a Hoplite unit, no idea if it's the same every time. I'm not sure if this has to happen at a certain stage in the independent power cycle as well, as in before a civ befriends it.

Relatively minor, but I don't think this information was known already. Apologies if it was shown in a stream earlier.",https://www.reddit.com/r/civ/comments/1i305io/disperse_independent_in_civ_7_barbarian_outpost/,Copernicus1981,1737063657.0
Who is this??,"I saw this leader in the leader selection screen in the latest IGN video: [https://www.youtube.com/watch?v=ErcUZUSO8EY](https://www.youtube.com/watch?v=ErcUZUSO8EY)

Any idea who that is? I see everyone commenting on Frederick but I could find anything about him. He looks like Japanese/Chinese emperor?",https://www.reddit.com/r/civ/comments/1i2zp25/who_is_this/,therealBostonBen,1737062436.0
Quarbit Civ 7,,https://www.youtube.com/watch?v=67xnrnqU144,Skellum,1737062289.0
"""Replay Animation""","https://preview.redd.it/uzuhm2q29fde1.jpg?width=579&format=pjpg&auto=webp&s=9e215a2df9dcf1f8ae4c92a13c03f1002e70c118

(See image). Apologies if this has already been discussed somewhere, but I noticed this button at the end of a streamer's video after he had reached the end of the Antiquity Age. Is this what I think it is: the glorious return of that little map timelapse thing we got in Civ 5 (and was modded into Civ 6)? Can anyone confirm? I really hope it is, and if so I really hope we can save the results somewhere.

Video (screenshot taken from the very end)

[https://www.youtube.com/watch?v=RNOJi\_mV0NM&t=3s](https://www.youtube.com/watch?v=RNOJi_mV0NM&t=3s)",https://www.reddit.com/r/civ/comments/1i2zlgp/replay_animation/,FaerieStories,1737062181.0
Confidence in the AI,"On a more positive note for today‚Äôs events, I‚Äôd like to express how confident I am that the AI can achieve its goal, at least better at launch than previous titles.

Why? It comes down to three things:

(1) Projects, (2) Automation and Simplicity.

For me, the main markers of good Civ AI is if it can win and how good is it at preventing me from winning.

(1) Projects. 

Victory comes down to projects and the AI has been good as this previously whether they are doing aid requests or other city projects. Nothing nebulous likely accruing and depleting tourists.


(2) Automation and Simplicity.

Many of the Legacy Paths have something that will get done with less input. Treasure Fleets and Factory Resources auto-generate. Relics come when a foreign city is converted. AI was always going to build Wonders. Adjacencies aren‚Äôt a simple as I thought they‚Äôd be, but from the previews, I think there will be a lot less low quality districts.

Diplomacy is a very good system that seems like it‚Äôll be a useful way for the AI to push back against the Player without engaging in warfare.

Now, my only uncertainty is how the AI manages in warfare. But my early impressions have been that they are‚Ä¶well, ok. A lot of combat stuff has been streamlined, though there‚Äôs a lot of complexity, but that just might work.

What are your thoughts and concerns regarding the AI? I haven‚Äôt watched all the content, so I‚Äôm sure there are decent stories to tell as well as your own impressions.",https://www.reddit.com/r/civ/comments/1i2zf7n/confidence_in_the_ai/,eskaver,1737061720.0
Please tell me we can change this boardgame fog of war? What is this?,,https://i.redd.it/ab7qoqrb7fde1.png,ohkaybodyrestart,1737061411.0
Day 612 of drawing badly every day until Civ 7 is released (26 to go),,https://i.redd.it/8b9gb7tz6fde1.png,UrsaRyan,1737061375.0
"the only lake in my empire, but man it‚Äôs beautiful ü•≤üá≥üá±üå∑ ",,https://i.redd.it/sear8z0t6fde1.jpeg,StankyStenchMan,1737061209.0
Can‚Äôt help but feel like just a FEW more civs would‚Äôve done it. ,"Seriously, imagine if we had:

1) Any Mesopotamian civ 
2) Ottomans or Byzantines
3) British

Obviously there are a lot more to add, but I wouldn‚Äôt be nearly as disappointed.

It really drags down the DLC too, knowing that they‚Äôre going to contain civs that belong in the base game. ",https://www.reddit.com/r/civ/comments/1i2z3pn/cant_help_but_feel_like_just_a_few_more_civs/,SmooverGumby,1737060907.0
1 upvote and 600+ comments Jesus Christ guys calm down,,https://i.redd.it/uabuqhk04fde1.jpeg,Exlife1up,1737060269.0
Civ 7 has 3 Chinas but no Assyria/Babylon/Sumeria,They couldn't save one of the Chinas for a DLC like they are withholding so many other Civs? This will be hands-down the worst base Civ game to ever release. I genuinely wonder if this is the beginning of the death for this franchise. What a fucking lame decision they have made. ,https://www.reddit.com/r/civ/comments/1i2yusd/civ_7_has_3_chinas_but_no_assyriababylonsumeria/,StarCitizenP01ntr,1737060252.0
Guessing DLC Civs,,https://www.reddit.com/gallery/1i2ys8q,Civ_Brainstorming,1737060071.0
I thought Civ VII wouldn't include anything from the 21st century...,... but they did add Brexit after all! Win-win!,https://www.reddit.com/r/civ/comments/1i2ykpv/i_thought_civ_vii_wouldnt_include_anything_from/,JNR13,1737059538.0
Petition to Add the Ability to Change City Names in Base Game or First Patch,"Dear Firaxis,

From what I've seen on YouTube videos so far, **you are not able to rename cities** in the game; given that civ 6 didn't have this feature at launch I was afraid this would happen again, especially since in 7 you switch civs I was hoping you could manually update names to reflect the change in civ (i.e. ""Londonium"" -> ""Lunden"").

I know we are 3 weeks out and probably the game has shipped physical copies to implement any kind of real change is improbable rn, but **can we at least get a commitment that this feature will be added in the first patch like civ 6**? So long as this is on the radar and not lost to technical debt I'll be happy.

https://preview.redd.it/g8dw11uk4fde1.png?width=1151&format=png&auto=webp&s=aec01f3cd944e961d08edcb9c9aaeda825280714

Thank you,

# Mudkip1001 of Tunbridge Wells",https://www.reddit.com/r/civ/comments/1i2ybh3/petition_to_add_the_ability_to_change_city_names/,Mudkip1001,1737058865.0
"I was excited for Civ VII... Not anymore, not hotseat‚ÄΩ‚ÄΩ‚ÄΩ","My fiance & I were very excited for Civ VII, I introduced her to Civ with Civ V and she fell in love with it. Since then we have spent far too many hours playing Civ games together. 1v1, teams, huge open games, you name it we've done it, and me and her often play on hotseat. 

We have 1 laptop, which is an old workhorse of a laptop at this point, so we play hotseat games. Which takes me back to playing with my friends who showed me Civ, we'd all sit around and play hotseat. You get the trash talking, the chit chat, it's a great way to play the game, and a great way to get new people into Civ.

The laptop will not run Civ VII at allü§£ but we are fortunate enough to have ended up with a PS5, so we thought we would run Civ VII on that, plug in the mice and away we go! Only today I find out that won't work as hotseat is gone...

What actually makes me angry about it is that this clearly isn't a game development decision but a purely financial one to force people to buy multiple copies. 

Thanks Bethesda, it all started with youü§£

Jokes & aside, does anyone else think this is just an all round terrible move? It seems like a feature that it takes effort to exclude.

P.S. I know this has probably been brought up already but I only just found this out.",https://www.reddit.com/r/civ/comments/1i2ybgs/i_was_excited_for_civ_vii_not_anymore_not_hotseat/,AutobotJessa,1737058864.0
Civ 7 Prices,"I live in Brazil, and when converting the price of the game, It becomes such a exorbitant enormous price, it's ridiculous, even the Standart Edition. Does anybody from other countries are having the same problem?",https://www.reddit.com/r/civ/comments/1i2y46e/civ_7_prices/,CallMeCinho,1737058345.0
"After a while, Alexander asked for trade and was willing to cede ""Macedonia Smells""",,https://i.redd.it/i1mdclm4xede1.jpeg,hampshirebrony,1737058005.0
another take on a jewish civ in CIV VII,"i found this on substacked, thoughts?

  
[https://open.substack.com/pub/wittypunhere/p/simon-dubnow-and-jewish-representation?utm\_campaign=post&utm\_medium=web](https://open.substack.com/pub/wittypunhere/p/simon-dubnow-and-jewish-representation?utm_campaign=post&utm_medium=web)",https://www.reddit.com/r/civ/comments/1i2xtql/another_take_on_a_jewish_civ_in_civ_vii/,Ijzer_en_Vuursteen,1737057624.0
Civilization 7 Discord Deutsch,"Willkommen auf unserem Civilization 7 Discord Deutsch Server!  
üéÆ Du spielst Civilization 7 und suchst eine deutschsprachige Community? Dann bist du hier richtig! Tritt einer lebendigen, freundlichen Gemeinschaft bei, verbessere dein Gameplay mit Hilfe erfahrener Spieler und finde feste Teams oder spontane Mitspieler. Zeige dein K√∂nnen in spannenden Events und Turnieren, und erhalte schnelle Hilfe bei technischen Problemen oder Fragen. Unser Discord ist speziell f√ºr deutschsprachige Civilization 7 Enthusiasten, klar organisiert und bietet eine respektvolle Atmosph√§re f√ºr alle.  
  
üí¨ Sei dabei! Klicke jetzt auf den Einladungslink und starte dein n√§chstes Abenteuer mit uns.  
  
üîó [https://discord.me/Civilization](https://discord.me/Civilization)  
  
Dein Civilization 7 Discord Deutsch Team",https://www.reddit.com/r/civ/comments/1i2xnko/civilization_7_discord_deutsch/,trezuks,1737057182.0
"Maybe im dumb and i cant read but, are the Vikings not in Civ 7? I loved playing as King Harald and using the Drakkar longships to raid",,https://www.reddit.com/r/civ/comments/1i2x7qb/maybe_im_dumb_and_i_cant_read_but_are_the_vikings/,NomadofReddit,1737056061.0
One More Turn Challenge / World Rankings,"Anyone else playing the One More Turn challenge?

I started it a little while ago and I can't get the World Rankings window to open.

Is that a feature of this challenge, or am I bugged?",https://www.reddit.com/r/civ/comments/1i2x5wf/one_more_turn_challenge_world_rankings/,Remarkable_Inchworm,1737055937.0
My hot take on the ages system,"Arguing in favor of it, there are no civilizations that have existed from the start of human history until the present day. China has had a good run but it's not the same government there's been a succession of dynasties occupying the same territory. And there's not really a mechanism in civilization to account for empires breaking up into constituent nationalities. 

All that being said, when you have a classic game you don't want to change the formula sufficiently that it's no longer the same game. Civ is civ because it feels like civ and isn't a different 4x game. 

The ages thing seems like it's changing the play mechanics too much so they they are losing the flavor of what makes civ what it is.",https://www.reddit.com/r/civ/comments/1i2x3rw/my_hot_take_on_the_ages_system/,jollyreaper2112,1737055783.0
Gameplay Unlocks for Exploration Age Civs,,https://www.reddit.com/gallery/1i2wms0,adept42,1737054575.0
Which civ would historically progress into Russia??,I‚Äôm thinking Mongolia because of the region but can‚Äôt really find other similarities,https://www.reddit.com/r/civ/comments/1i2wcqu/which_civ_would_historically_progress_into_russia/,Jun1n_,1737053884.0
